"V1","V2","V3","V4","V5","V6","V7","V8","V9","V10","V11","V12","V13","V14","V15","V16","V17","V18","V19","V20","V21","V22","V23","V24"
"2016/2/6 00","2016/2/6 01","2016/2/6 02","2016/2/6 03","2016/2/6 04","2016/2/6 05","2016/2/6 06","2016/2/6 07","2016/2/6 08","2016/2/6 09","2016/2/6 10","2016/2/6 11","2016/2/6 12","2016/2/6 13","2016/2/6 14","2016/2/6 15","2016/2/6 16","2016/2/6 17","2016/2/6 18","2016/2/6 19","2016/2/6 20","2016/2/6 21","2016/2/6 22","2016/2/6 23"
"2016/2/7 00","2016/2/7 01","2016/2/7 02","2016/2/7 03","2016/2/7 04","2016/2/7 05","2016/2/7 06","2016/2/7 07","2016/2/7 08","2016/2/7 09","2016/2/7 10","2016/2/7 11","2016/2/7 12","2016/2/7 13","2016/2/7 14","2016/2/7 15","2016/2/7 16","2016/2/7 17","2016/2/7 18","2016/2/7 19","2016/2/7 20","2016/2/7 21","2016/2/7 22","2016/2/7 23"
"2016/2/8 00","2016/2/8 01","2016/2/8 02","2016/2/8 03","2016/2/8 04","2016/2/8 05","2016/2/8 06","2016/2/8 07","2016/2/8 08","2016/2/8 09","2016/2/8 10","2016/2/8 11","2016/2/8 12","2016/2/8 13","2016/2/8 14","2016/2/8 15","2016/2/8 16","2016/2/8 17","2016/2/8 18","2016/2/8 19","2016/2/8 20","2016/2/8 21","2016/2/8 22","2016/2/8 23"
"2016/2/9 00","2016/2/9 01","2016/2/9 02","2016/2/9 03","2016/2/9 04","2016/2/9 05","2016/2/9 06","2016/2/9 07","2016/2/9 08","2016/2/9 09","2016/2/9 10","2016/2/9 11","2016/2/9 12","2016/2/9 13","2016/2/9 14","2016/2/9 15","2016/2/9 16","2016/2/9 17","2016/2/9 18","2016/2/9 19","2016/2/9 20","2016/2/9 21","2016/2/9 22","2016/2/9 23"
"2016/2/10 00","2016/2/10 01","2016/2/10 02","2016/2/10 03","2016/2/10 04","2016/2/10 05","2016/2/10 06","2016/2/10 07","2016/2/10 08","2016/2/10 09","2016/2/10 10","2016/2/10 11","2016/2/10 12","2016/2/10 13","2016/2/10 14","2016/2/10 15","2016/2/10 16","2016/2/10 17","2016/2/10 18","2016/2/10 19","2016/2/10 20","2016/2/10 21","2016/2/10 22","2016/2/10 23"
"2016/2/11 00","2016/2/11 01","2016/2/11 02","2016/2/11 03","2016/2/11 04","2016/2/11 05","2016/2/11 06","2016/2/11 07","2016/2/11 08","2016/2/11 09","2016/2/11 10","2016/2/11 11","2016/2/11 12","2016/2/11 13","2016/2/11 14","2016/2/11 15","2016/2/11 16","2016/2/11 17","2016/2/11 18","2016/2/11 19","2016/2/11 20","2016/2/11 21","2016/2/11 22","2016/2/11 23"
"2016/2/12 00","2016/2/12 01","2016/2/12 02","2016/2/12 03","2016/2/12 04","2016/2/12 05","2016/2/12 06","2016/2/12 07","2016/2/12 08","2016/2/12 09","2016/2/12 10","2016/2/12 11","2016/2/12 12","2016/2/12 13","2016/2/12 14","2016/2/12 15","2016/2/12 16","2016/2/12 17","2016/2/12 18","2016/2/12 19","2016/2/12 20","2016/2/12 21","2016/2/12 22","2016/2/12 23"
"2016/2/13 00","2016/2/13 01","2016/2/13 02","2016/2/13 03","2016/2/13 04","2016/2/13 05","2016/2/13 06","2016/2/13 07","2016/2/13 08","2016/2/13 09","2016/2/13 10","2016/2/13 11","2016/2/13 12","2016/2/13 13","2016/2/13 14","2016/2/13 15","2016/2/13 16","2016/2/13 17","2016/2/13 18","2016/2/13 19","2016/2/13 20","2016/2/13 21","2016/2/13 22","2016/2/13 23"
"2016/2/14 00","2016/2/14 01","2016/2/14 02","2016/2/14 03","2016/2/14 04","2016/2/14 05","2016/2/14 06","2016/2/14 07","2016/2/14 08","2016/2/14 09","2016/2/14 10","2016/2/14 11","2016/2/14 12","2016/2/14 13","2016/2/14 14","2016/2/14 15","2016/2/14 16","2016/2/14 17","2016/2/14 18","2016/2/14 19","2016/2/14 20","2016/2/14 21","2016/2/14 22","2016/2/14 23"
"2014/1/13 00","2014/1/13 01","2014/1/13 02","2014/1/13 03","2014/1/13 04","2014/1/13 05","2014/1/13 06","2014/1/13 07","2014/1/13 08","2014/1/13 09","2014/1/13 10","2014/1/13 11","2014/1/13 12","2014/1/13 13","2014/1/13 14","2014/1/13 15","2014/1/13 16","2014/1/13 17","2014/1/13 18","2014/1/13 19","2014/1/13 20","2014/1/13 21","2014/1/13 22","2014/1/13 23"
"2014/1/14 00","2014/1/14 01","2014/1/14 02","2014/1/14 03","2014/1/14 04","2014/1/14 05","2014/1/14 06","2014/1/14 07","2014/1/14 08","2014/1/14 09","2014/1/14 10","2014/1/14 11","2014/1/14 12","2014/1/14 13","2014/1/14 14","2014/1/14 15","2014/1/14 16","2014/1/14 17","2014/1/14 18","2014/1/14 19","2014/1/14 20","2014/1/14 21","2014/1/14 22","2014/1/14 23"
"2014/1/15 00","2014/1/15 01","2014/1/15 02","2014/1/15 03","2014/1/15 04","2014/1/15 05","2014/1/15 06","2014/1/15 07","2014/1/15 08","2014/1/15 09","2014/1/15 10","2014/1/15 11","2014/1/15 12","2014/1/15 13","2014/1/15 14","2014/1/15 15","2014/1/15 16","2014/1/15 17","2014/1/15 18","2014/1/15 19","2014/1/15 20","2014/1/15 21","2014/1/15 22","2014/1/15 23"
"2014/1/16 00","2014/1/16 01","2014/1/16 02","2014/1/16 03","2014/1/16 04","2014/1/16 05","2014/1/16 06","2014/1/16 07","2014/1/16 08","2014/1/16 09","2014/1/16 10","2014/1/16 11","2014/1/16 12","2014/1/16 13","2014/1/16 14","2014/1/16 15","2014/1/16 16","2014/1/16 17","2014/1/16 18","2014/1/16 19","2014/1/16 20","2014/1/16 21","2014/1/16 22","2014/1/16 23"
"2014/1/17 00","2014/1/17 01","2014/1/17 02","2014/1/17 03","2014/1/17 04","2014/1/17 05","2014/1/17 06","2014/1/17 07","2014/1/17 08","2014/1/17 09","2014/1/17 10","2014/1/17 11","2014/1/17 12","2014/1/17 13","2014/1/17 14","2014/1/17 15","2014/1/17 16","2014/1/17 17","2014/1/17 18","2014/1/17 19","2014/1/17 20","2014/1/17 21","2014/1/17 22","2014/1/17 23"
